id,symbol,calculation_date,start_date,end_date,trading_days,current_price,price_change,percent_change,min_price,max_price,avg_volume,avg_daily_change,volatility,daily_volatility,annualized_volatility,max_drawdown,sharpe_ratio,skewness,kurtosis,current_trend,trend_strength,adx,rsi,macd,macd_signal,macd_histogram,stochastic_k,stochastic_d,bollinger_width,atr,sma_20,sma_50,sma_200,ema_12,ema_26,obv,support_resistance,trading_signals,momentum_14,momentum_30
1,ADANIENT,2025-02-27,2002-07-19,2025-02-25,5600,2129.85,2120.9075,23717.165222253283,5.6,4190.0,2729440.8553571426,0.16569013881364078,53.852751448616246,3.3924044702288563,53.852751448616246,-92.60773828247876,0.7381965435687865,-2.286426798612801,71.35239270669615,Downtrend,Weak or No Trend,0.0,32.10840606338995,-62.38101693694807,-52.03810776824573,-10.342909168702342,11.038961038961062,8.340957686164598,0.13318234953147534,84.66785714285713,2244.7425,2348.569,2833.282,2196.254819588534,2258.635836525482,b')\xbd\r\x9f\x00\x00\x00\x00',"{""support_levels"": [2888.35, 2654.7, 2025.0, 2332.75, 2209.1000000000004], ""resistance_levels"": [3743.9, 3234.5, 3070.0, 2644.2, 2397.0]}","[""Stochastic bullish crossover - potential buy signal""]",-8.377785425449535,-10.815903523648018
2,ADANIPORTS,2025-02-27,2007-11-27,2025-02-25,4263,1080.35,887.7699999999999,460.9876414996364,50.73,1621.4,3890840.2038470563,0.0759485467937746,42.25560041443294,2.6618526237216047,42.25560041443294,-80.27075605185668,0.4056038400575452,0.06131253038696513,7.176107718338223,Downtrend,Weak or No Trend,0.0,35.83444001770695,-15.340458050459574,-13.975351383733834,-1.3651066667257403,29.7456690011057,28.013269443420523,0.11028675600538625,40.221428571428596,1105.4524999999999,1136.496,1340.3325,1093.9658356219577,1109.3062936724173,b'\x05\xf9Fa\x00\x00\x00\x00',"{""support_levels"": [1394.45, 1337.0, 995.65, 1058.95, 1010.75], ""resistance_levels"": [1621.4, 1520.0, 1604.95, 1485.0, 1175.65]}","[""Stochastic bullish crossover - potential buy signal""]",-5.592694542753529,-4.300646647178685
3,APOLLOHOSP,2025-02-27,2002-07-19,2025-02-25,5600,6251.35,6186.0,9465.952563121655,45.6,7545.35,330734.3160714286,0.10560501582682948,35.04604836081583,2.207693533291941,35.04604836081583,-39.73532405836438,0.702289277665885,0.7845579442518129,7.32291821943093,Downtrend,Weak or No Trend,0.0,18.826438848920844,-167.37035241434387,-152.96190435718879,-14.408448057155084,12.99608899147276,14.780747612542129,0.1579392914301795,162.77857142857147,6554.1675000000005,6860.464,6717.554749999999,6399.66768223882,6567.038034653164,b'\xbf\xd1\xca\r\x00\x00\x00\x00',"{""support_levels"": [6055.0, 6420.95, 6705.25, 7137.4, 6608.0], ""resistance_levels"": [6874.45, 6557.0, 7316.95, 7545.175, 7008.0]}","[""RSI is oversold (18.83) - potential buy signal""]",-9.983224496554888,-6.5826340996884225
4,ASIANPAINT,2025-02-27,2002-07-19,2025-02-25,5600,2224.75,2202.7233333333334,10000.257263922504,20.1333333333333,3590.0,682363.89625,0.09608205195585573,26.204249087343932,1.6507125328167453,26.204249087343932,-44.935357378576626,0.8476746278375089,0.020477092435323505,5.0645847260103665,Downtrend,Weak or No Trend,0.0,34.33716237193417,-15.03152768447444,-15.612538170036135,0.5810104855616949,34.496466431095484,39.60443827785169,0.06483536639105003,35.392857142857174,2263.505,2273.2470000000003,2766.54875,2247.130850740042,2262.1623784245166,b'e\x19\x9f\x0c\x00\x00\x00\x00',"{""support_levels"": [2775.75, 2843.025, 2422.95, 2256.5, 2196.75], ""resistance_levels"": [3025.433333333333, 3145.0, 3394.9, 2361.4, 2418.6]}","[""Stochastic bearish crossover - potential sell signal""]",-2.2173874824191198,-0.22200296003945796
5,AXISBANK,2025-02-27,2002-07-19,2025-02-25,5600,1009.1,1001.19,12657.269279393173,6.63,1339.65,5940772.025714286,0.12044815590067008,41.362612412595006,2.6055996671352317,41.362612412595006,-77.81019595473725,0.6854725471434521,0.37689507009545736,8.868534977760508,Downtrend,Weak or No Trend,0.0,47.34513274336287,-3.588232929697142,-6.950080179988828,3.361847250291686,62.981744421906896,63.522650439486405,0.04540652050466032,18.59642857142859,1005.3625,1025.958,1148.145,1006.8565931806841,1010.4448261103812,b'+\x87\xf2S\x00\x00\x00\x00',"{""support_levels"": [995.7, 1109.8999999999999, 1134.5, 1115.75, 933.5], ""resistance_levels"": [1310.0, 1339.65, 1281.65, 1204.3249999999998, 1027.35]}",[],-0.41448731866179367,-1.7238021036228957
6,BAJAJ-AUTO,2025-02-27,2008-05-26,2025-02-25,4143,8417.9,8115.525,2683.927242662257,131.0,12774.0,419972.90321023413,0.097439065541064,29.345274757352446,1.848578551495616,29.345274757352446,-52.26122707147374,0.7685954451899306,-0.01808891318365841,6.662346629231628,Uptrend,Weak or No Trend,0.0,29.179256839526317,-80.48336884713535,-51.11301004949218,-29.37035879764317,10.477890689370968,14.301101106034187,0.0985988814399062,170.17499999999993,8718.4525,8706.448,9696.45575,8565.646236718803,8646.129605565939,b'\xd8\xe9\xca\x06\x00\x00\x00\x00',"{""support_levels"": [9365.65, 8744.6, 9365.0, 8746.5, 8290.35], ""resistance_levels"": [8650.0, 9308.275000000001, 9930.916666666666, 12774.0, 9178.575]}","[""RSI is oversold (29.18) - potential buy signal""]",-5.711373462667169,-1.866402424807656
7,BAJAJFINSV,2025-02-27,2008-05-26,2025-02-25,4142,1875.1,1825.082764692934,3648.9077284827645,8.6604189595715,2029.9,456851.47247706424,0.11567699092045226,37.58436284428083,2.3675923159710304,37.584362844280825,-86.78943154523617,0.722390900291275,-0.07221005855850338,9.62692988808785,Uptrend,Weak or No Trend,0.0,62.859018545872296,41.87829546345142,40.570955545648836,1.3073399178025866,79.25489145001337,76.92307692307689,0.1174229228137377,42.75,1820.02,1728.2869999999998,1692.6894999999997,1850.8161700181918,1808.9378745547403,b'\xe1\xa3\xd8\x0b\x00\x00\x00\x00',"{""support_levels"": [1553.2, 1419.05, 1523.25, 1556.85, 1617.0], ""resistance_levels"": [1669.9, 2029.9, 1690.5, 1732.95, 1856.0]}","[""Stochastic bullish crossover - potential buy signal""]",4.360651175733965,12.17060987646934
8,BAJFINANCE,2025-02-27,2002-07-19,2025-02-25,5598,8488.8,8483.648992626348,164698.8322327153,3.67358665407759,8662.8,777195.7332976062,0.16575908867854428,41.17894707785299,2.59402983855926,41.17894707785299,-91.02368291985954,0.9658161067547814,0.6722460684122574,9.631927842687412,Uptrend,Weak or No Trend,0.0,48.81478505423857,224.75565411154184,257.2688577218235,-32.513203610281664,72.71872060206958,60.90989860980471,0.0937434703949094,189.57500000000007,8332.210000000001,7654.5740000000005,7152.32775,8362.193589949977,8137.437935838435,b'\xe8\xcc\xf9\x1c\x00\x00\x00\x00',"{""support_levels"": [6998.0, 6425.0, 6601.0, 6451.0, 6792.0], ""resistance_levels"": [7380.975, 7824.0, 7257.4, 7599.9, 8662.8]}","[""Stochastic bullish crossover - potential buy signal""]",-0.24267138299186586,18.27124028199627
9,BEL,2025-02-27,1996-10-14,2025-02-25,6862,256.65,254.88232323232322,14419.057142857122,0.164141414141414,340.5,4013227.0791314486,0.11587789151849802,46.8684735532768,2.9524363178851942,46.86847355327679,-88.70253164556964,0.5803736840659222,0.41750749141572224,4.260476969559752,Downtrend,Weak or No Trend,0.0,26.762589928057537,-6.763402148673606,-6.469587838757619,-0.29381430991598734,32.997987927565354,31.658883140420357,0.21575459196960325,9.799999999999995,267.15,275.954,290.39,259.00213371573614,265.76553586440974,b'\xc5&\x94\xea\x00\x00\x00\x00',"{""support_levels"": [266.05, 257.45, 270.25, 258.3, 252.7], ""resistance_levels"": [309.2, 293.025, 304.5, 320.85, 299.6]}","[""RSI is oversold (26.76) - potential buy signal"", ""Stochastic bullish crossover - potential buy signal""]",-11.17840456826441,-4.181444838529047
10,BHARTIARTL,2025-02-27,2002-10-31,2025-02-25,4667,1641.4,1629.676232596511,13900.618943630001,9.84886818481925,1779.0,6597484.558174416,0.39043737437948756,349.9687149599032,22.04595681992271,349.9687149599032,-56.94931817172314,0.2754252429525723,67.32613709910952,4573.7736170149565,Uptrend,Weak or No Trend,0.0,46.7585502807555,2.820912539246592,11.394368421016338,-8.573455881769746,33.789954337899594,19.633291216089436,0.080439035797558,37.82142857142857,1660.4575,1628.0729999999999,1555.5365,1651.9261430490385,1649.105230509792,b'\r1\xcc6\x00\x00\x00\x00',"{""support_levels"": [1219.05, 1422.6, 1630.15, 1511.0, 1568.8], ""resistance_levels"": [1354.0, 1530.625, 1779.0, 1742.25, 1687.0]}","[""Stochastic bullish crossover - potential buy signal""]",-1.1472793519828883,2.1120408099785326
11,BPCL,2025-02-27,2002-07-19,2025-02-25,5610,248.45,198.42499999999998,396.65167416291854,26.0666666666667,376.0,3061250.301782531,0.05972577658004461,38.89965154623259,2.450447716152395,38.89965154623259,-63.96050466264403,0.33550160938228807,-1.3428686720270977,32.9765603757608,Downtrend,Weak or No Trend,0.0,31.869688385269143,-5.318847313249989,-5.688807107383842,0.3699597941338526,10.07194244604314,18.705035971223065,0.07027134356392056,6.799999999999999,255.74499999999998,270.66,308.825125,254.03674854461696,259.35559585786694,b'\xf7\x89\x01H\x00\x00\x00\x00',"{""support_levels"": [294.1, 321.79999999999995, 328.25, 280.70000000000005, 242.2], ""resistance_levels"": [319.0, 359.05, 367.2, 376.0, 308.95]}",[],-4.899521531100481,-6.947565543071166
12,BRITANNIA,2025-02-27,2002-07-19,2025-02-25,5599,4798.05,4746.18,9150.144592249857,48.055,6469.9,175251.1573495267,0.09380699014179447,25.599695345147264,1.6126292267208922,25.599695345147264,-45.61657540016848,0.8452976187403812,0.7333992447003623,7.375218745716065,Uptrend,Weak or No Trend,0.0,34.64171611136473,-38.59089323937587,-19.100621291540016,-19.490271947835858,25.723085163363756,22.52551635470543,0.09165182746768445,98.49999999999993,4940.942499999999,4897.840999999999,5412.6435,4872.053186475542,4910.644079714918,b'\x14\xfa\xc9\x04\x00\x00\x00\x00',"{""support_levels"": [4834.2, 4641.0, 5250.0, 5594.15, 4705.35], ""resistance_levels"": [6005.0, 6469.9, 5902.15, 5050.0, 5379.0]}",[],-2.728756348007655,-1.6188230469550868
13,CIPLA,2025-02-27,2002-07-19,2025-02-25,5600,1463.35,1388.326,1850.5091703988057,44.892,1702.05,1817657.460892857,0.06958538137703978,28.884647774689526,1.819561779036279,28.884647774689526,-49.33747971876691,0.5378468253515344,0.22884641851299553,4.906401226549092,Downtrend,Weak or No Trend,0.0,57.87133115920545,4.28438223381454,2.131542231501719,2.152840002312821,48.909451421017785,60.69752169099229,0.04525577700870118,33.40000000000001,1461.7875,1466.822,1521.35425,1467.3738119941504,1463.0894297603359,b'\xef~!#\x00\x00\x00\x00',"{""support_levels"": [1467.975, 1403.0, 1453.85, 1423.8, 1366.1], ""resistance_levels"": [1591.0, 1688.8833333333332, 1612.35, 1548.625, 1491.0]}",[],1.8478563474387588,1.115948037589809
14,COALINDIA,2025-02-27,2010-11-04,2025-02-25,3541,361.15,18.599999999999966,5.429864253393646,109.55,543.55,7271089.298220841,0.01971139315059352,30.294746621756477,1.9083896569733756,30.294746621756477,-75.06765899864676,0.09794672030095777,0.027177139675355035,4.298446561739478,Downtrend,Weak or No Trend,0.0,31.452991452991412,-5.1530911296030695,-5.475260664992744,0.3221695353896745,33.61581920903951,44.910526440205125,0.12107441261358705,9.389285714285714,370.52750000000003,376.905,453.08099999999996,365.6821166981521,370.83520782775514,b'\x06\xcd\x07q\x00\x00\x00\x00',"{""support_levels"": [410.8, 463.025, 475.8, 402.6, 361.25], ""resistance_levels"": [481.45, 527.4, 542.9, 517.85, 399.375]}",[],-5.668016194331993,-3.590496529631615
15,DRREDDY,2025-02-27,2002-07-19,2025-02-25,5610,1128.15,622.325,123.03168091731331,213.13,1421.49,504427.72442067735,0.04595156166939796,33.94324009659308,2.138223142555745,33.94324009659307,-82.27276446044343,0.28222979048042685,-9.369535904286542,355.0197646483759,Downtrend,Weak or No Trend,0.0,24.141519250780533,-30.081346426026812,-25.607760660327017,-4.473585765699795,4.29657794676813,17.598200554061044,0.09859829438716626,29.207142857142912,1199.5049999999999,1272.3,1284.33765,1179.8343805931522,1209.915727019179,b'\xfe$x\n\x00\x00\x00\x00',"{""support_levels"": [1130.9, 1351.63, 1302.755, 1201.8, 1167.4250000000002], ""resistance_levels"": [1231.53, 1421.49, 1359.0, 1405.9, 1254.0]}","[""RSI is oversold (24.14) - potential buy signal"", ""Price below lower Bollinger Band - potential oversold condition"", ""Stochastic bearish crossover - potential sell signal""]",-8.097429839925042,-15.633413102004178
16,EICHERMOT,2025-02-27,1995-02-09,2025-02-25,7419,4989.8,4983.575,80057.4297188755,0.75,5575.5,160136.59778945948,0.13416707323668833,47.535259689758476,2.994439896332721,47.535259689758476,-88.4526558891455,0.6691896218355778,1.159333662289018,11.640926941619824,Uptrend,Weak or No Trend,0.0,31.49783549783551,-55.78612871738915,-45.196122873388845,-10.590005844000302,43.02609348601465,40.71450110204978,0.21390584637679066,141.41428571428574,5081.1725,5038.692,4868.602,4958.279619539488,5014.065748256877,b'\xf6\xa6\xda\x05\x00\x00\x00\x00',"{""support_levels"": [4253.85, 4570.45, 4689.35, 4522.4, 4683.575000000001], ""resistance_levels"": [4018.95, 4942.0, 5051.38, 5385.7, 5575.5]}",[],-7.889684707967204,-1.8123142918986868
17,GRASIM,2025-02-27,2002-07-19,2025-02-25,5610,2379.3,2313.3100000000004,3505.5462948931663,55.2,2877.75,571313.8572192513,0.08395227496242416,31.712373408023673,1.9976917505059164,31.712373408023673,-77.10018346727303,0.6040535990183616,-0.11491352599664853,9.808087600872573,Uptrend,Weak or No Trend,0.0,26.985446985446927,-12.435124493867079,-2.902698307080973,-9.532426186786106,6.975414522584486,12.049252197859992,0.056001779505944524,57.03571428571422,2464.7650000000003,2450.067,2588.313,2439.0862400869446,2451.5213645808117,b'\x13\x1f\xed\x12\x00\x00\x00\x00',"{""support_levels"": [2171.6, 2505.05, 2583.95, 2472.05, 2276.95], ""resistance_levels"": [2323.75, 2482.275, 2877.75, 2791.675, 2542.0]}","[""RSI is oversold (26.99) - potential buy signal"", ""Price below lower Bollinger Band - potential oversold condition""]",-4.445783132530112,2.664451683890312
18,HCLTECH,2025-02-27,2002-07-19,2025-02-25,5600,1636.1,1607.78125,5677.444272787464,14.7,2012.2,1958367.0266071428,0.09903369734370758,36.574921343232376,2.3040034784747934,36.574921343232376,-74.61799660441422,0.6276566261122543,0.04748204257381669,6.530545687479767,Downtrend,Weak or No Trend,0.0,30.07011165930929,-35.48546182667951,-33.91540793590702,-1.570053890772492,4.118895966029647,12.037350220738453,0.06126376485795638,29.964285714285747,1706.1950000000002,1805.819,1704.23125,1692.5120112152729,1727.9974730419524,b'\x0c\x95\xd6-\x00\x00\x00\x00',"{""support_levels"": [1423.5, 1537.0, 1733.2, 1865.65, 1661.5], ""resistance_levels"": [1690.175, 1655.5, 1888.5, 1996.1, 1749.0]}","[""MACD bearish crossover - potential sell signal"", ""Price below lower Bollinger Band - potential oversold condition""]",-4.4808360335114035,-10.385057786054674
19,HDFCBANK,2025-02-27,2002-07-19,2025-02-25,5600,1682.35,1660.935,7755.942096661218,18.6,1880.0,4223354.871785714,0.0948279951756539,29.229845361244667,1.8413071830173409,29.229845361244667,-55.3564940328126,0.749119761450985,0.5879281402419007,14.56973032180887,Downtrend,Weak or No Trend,0.0,33.13051414663826,-3.1388460286852933,-0.7510961859154377,-2.3877498427698556,20.06610009442869,17.388778853581076,0.04741053827197895,27.80000000000002,1705.8825000000002,1709.2369999999999,1678.535,1697.8893397014585,1701.0281857301438,b'$\xb6jD\x00\x00\x00\x00',"{""support_levels"": [1371.9, 1424.025, 1600.525, 1672.1, 1624.3], ""resistance_levels"": [1794.0, 1675.95, 1788.0, 1880.0, 1767.0]}","[""Stochastic bullish crossover - potential buy signal""]",-3.1908159742202846,2.391893125589606
20,HDFCLIFE,2025-02-27,2017-11-17,2025-02-25,1803,622.15,277.54999999999995,80.54265815438187,307.0,775.65,3658643.9794786465,0.05080612341910027,30.119573802936817,1.8973548066149233,30.119573802936817,-46.19193586418295,0.3586751649374237,0.03484196740528537,10.061341712859575,Uptrend,Weak or No Trend,0.0,45.75892857142855,-1.372299515516147,-0.6317451068278352,-0.7405544086883118,42.87901990811642,38.33588565594699,0.039972610745330234,14.149999999999993,626.34,621.959,654.562,622.9430617976041,624.3153613131202,"b'\xfc3p""\x00\x00\x00\x00'","{""support_levels"": [538.0, 511.4, 664.65, 691.55, 589.775], ""resistance_levels"": [605.15, 722.5, 761.2, 748.05, 665.575]}","[""Stochastic bullish crossover - potential buy signal""]",-0.9078601576809842,4.703803433187459
21,HEROMOTOCO,2025-02-27,2002-07-19,2025-02-25,5600,3828.25,3521.0,1145.9723352318958,180.05,6246.25,563725.5896428571,0.06469618304208781,31.54822238156155,1.9873512078041364,31.54822238156155,-61.632028056656694,0.4533833302432219,0.49340460157550886,5.915986192015669,Downtrend,Weak or No Trend,0.0,20.955133679300985,-96.53188360838931,-77.955915054232,-18.575968554157313,12.235701906412471,16.77004569672917,0.1945290652345813,107.59285714285706,4070.2775,4126.2,5007.2252499999995,3936.0104076175803,4032.5422912259696,b'q\x95~\x0e\x00\x00\x00\x00',"{""support_levels"": [4445.2, 4168.15, 4955.625, 4467.0, 3998.75], ""resistance_levels"": [5894.55, 5659.85, 6246.25, 4909.95, 4522.95]}","[""RSI is oversold (20.96) - potential buy signal"", ""Stochastic bearish crossover - potential sell signal""]",-10.353831022854997,-6.898270872346113
22,HINDALCO,2025-02-27,2002-07-19,2025-02-25,5600,619.45,561.6356204497532,971.4462471427763,36.75,772.65,7462184.595714286,0.07736528893711793,42.00006688808209,2.6457555246177065,42.00006688808209,-83.0429507704622,0.41657202258214465,0.0694629238696384,3.6028726028611757,Uptrend,Weak or No Trend,0.0,57.82482357824827,8.675372663838175,4.190518488588621,4.484854175249554,47.38725841088047,74.65206810373206,0.13555237296747927,18.457142857142863,606.5899999999999,603.85,661.17775,620.7633330014041,612.087960337566,b'\x9a:I\xd1\x00\x00\x00\x00',"{""support_levels"": [594.25, 608.0, 645.4, 622.55, 559.8], ""resistance_levels"": [661.6, 713.4333333333334, 769.05, 679.8, 628.35]}",[],3.1385281385281516,4.716422956639343
23,HINDUNILVR,2025-02-27,2002-07-19,2025-02-25,5600,2259.3,2072.15,1107.2134651349186,100.5,3035.0,2129624.165714286,0.05887271411340392,26.985461299431197,1.699924276491735,26.985461299431204,-50.73102808076122,0.47566072019855904,0.49804850526154715,6.536246683471823,Downtrend,Weak or No Trend,0.0,20.598080785539082,-37.68670713997835,-26.682687071103977,-11.004020068874375,21.298974493820708,12.566705412390908,0.13494210472208637,43.192857142857065,2345.325,2357.942,2554.3165,2290.677047390359,2328.3637545303372,b'\xd4\xff\xd7\x0b\x00\x00\x00\x00',"{""support_levels"": [2666.2, 2452.6, 2375.75, 2315.25, 2253.85], ""resistance_levels"": [2811.3, 3035.0, 2539.15, 2473.65, 2602.0]}","[""RSI is oversold (20.60) - potential buy signal""]",-5.510131532172058,-4.791403286978502
24,ICICIBANK,2025-02-27,2002-07-19,2025-02-25,5600,1224.15,1197.6863636363637,4525.781518378558,19.8909090909091,1362.35,10210693.790357143,0.09718742914795155,38.0725228751915,2.3983435074422506,38.0725228751915,-81.67595818815334,0.5907470912556556,0.26159447529692614,6.801016150494867,Downtrend,Weak or No Trend,0.0,33.93581704168204,-5.870531476447013,-2.7454599548057113,-3.125071521641302,20.21818181818195,15.671134941912472,0.04406046094747925,21.114285714285707,1251.9775,1256.255,1234.12775,1242.0110511541272,1247.8815826305743,b'\x03I\xa4\xe8\x00\x00\x00\x00',"{""support_levels"": [1049.5749999999998, 1153.0, 1208.9250000000002, 1232.55, 1186.0], ""resistance_levels"": [1113.55, 1171.275, 1257.8, 1349.3833333333332, 1280.5]}","[""Price below lower Bollinger Band - potential oversold condition"", ""Stochastic bullish crossover - potential buy signal""]",-3.435355367989268,-1.1387038158691576
25,INDUSINDBK,2025-02-27,2002-07-19,2025-02-25,5600,1034.25,1017.25,5983.823529411765,12.75,2038.0,2756067.2685714285,0.11554153535661874,46.27096761700092,2.914796981831129,46.27096761700093,-85.10664590593409,0.586036305406865,0.7089545652185659,16.443419277821196,Uptrend,Weak or No Trend,0.0,42.63459961738177,12.958131115029119,15.92111991081787,-2.9629887957887515,28.795098706603127,30.791921942364496,0.1090132510361779,27.053571428571427,1035.9875,990.5190000000001,1241.87225,1035.6888041850293,1022.7306730700002,b'\r\xce\xdbE\x00\x00\x00\x00',"{""support_levels"": [1370.4, 1329.2, 1018.1, 966.4, 927.7333333333332], ""resistance_levels"": [1542.45, 1460.85, 1498.0, 1025.4, 1086.55]}",[],-2.5395778364116106,7.460127798846683
26,INFY,2025-02-27,2002-07-19,2025-02-25,5600,1767.7,1718.23046875,3473.310592062665,35.9375,2006.45,3519284.1776785715,0.08314017106883637,30.982126324795896,1.951690508176131,30.982126324795896,-53.742210285570536,0.6116856832443895,-0.6199997867543181,14.620979772424395,Downtrend,Weak or No Trend,0.0,23.926627696029158,-25.681383304879773,-16.11353959963199,-9.567843705247782,12.608331003634312,9.519201278421068,0.08880604138696713,34.892857142857146,1853.265,1883.2330000000002,1800.47625,1823.163787219732,1848.8451705246118,b'f\x9c\xc6-\x00\x00\x00\x00',"{""support_levels"": [1718.55, 1867.4, 1718.0, 1840.0, 1793.05], ""resistance_levels"": [1593.0, 1733.0, 1903.0, 1989.1125, 1924.0]}","[""RSI is oversold (23.93) - potential buy signal"", ""Price below lower Bollinger Band - potential oversold condition"", ""Stochastic bullish crossover - potential buy signal""]",-6.8184813262697315,-9.332444284871643
27,ITC,2025-02-27,2002-07-19,2025-02-25,5600,404.85,389.87,2602.60347129506,12.4444444444444,528.5,9455214.968392856,0.0740055735577192,27.590151081040297,1.7380161522650595,27.590151081040297,-57.00729927007298,0.6034546345049396,0.0077942879499315965,5.266243759140707,Downtrend,Weak or No Trend,0.0,10.3479853479854,-12.210609262757316,-11.00589360888673,-1.2047156538705863,16.0780669144982,10.986795691286225,0.1983963446296538,8.100000000000003,424.0575,442.47299999999996,466.14,410.9577515060749,423.1683607688322,b'\x8c\xcb\x7f\xd7\x00\x00\x00\x00',"{""support_levels"": [419.45, 402.85, 418.55, 470.0, 453.525], ""resistance_levels"": [442.9666666666667, 513.4833333333333, 528.5, 487.4, 471.5]}","[""RSI is oversold (10.35) - potential buy signal""]",-9.661943545687823,-7.431119240882589
28,JSWSTEEL,2025-02-27,2005-03-23,2025-02-25,4931,958.75,919.735,2357.3881840317827,16.01,1063.0,2858361.589941188,0.10363255828492199,44.31548727429101,2.7916132989624196,44.315487274291016,-87.83386105420003,0.5441755506046426,0.5543315685741173,8.552596591318316,Uptrend,Weak or No Trend,0.0,53.569987898346135,10.605256102841395,11.075299146807252,-0.47004304396585717,39.072847682119146,59.13406553154494,0.06433453548348851,22.678571428571445,960.5050000000001,932.7309999999999,941.932,966.5884335573828,955.9831774545414,b'z@;_\x00\x00\x00\x00',"{""support_levels"": [761.75, 829.0, 854.15, 916.25, 880.0], ""resistance_levels"": [891.45, 921.475, 962.0833333333334, 1063.0, 1021.225]}","[""MACD bearish crossover - potential sell signal""]",0.9316770186335477,6.050550301421387
29,KOTAKBANK,2025-02-27,2002-10-31,2025-02-25,5458,1967.25,1960.375,28514.545454545452,6.1575,2253.0,1878616.5346280688,0.13277262368459078,38.331685908299605,2.414669243980947,38.331685908299605,-84.50689099695721,0.8206970401399802,0.28813678629342176,7.919993182936997,Uptrend,Weak or No Trend,0.0,60.77669902912619,30.175186474779593,32.48852499628615,-2.3133385215065587,71.9146775012696,69.03491659665615,0.06033500720858061,38.032142857142844,1938.7175000000002,1859.388,1800.7895,1953.9396718063342,1923.7644853315546,b'f\xcc\x05$\x00\x00\x00\x00',"{""support_levels"": [1602.45, 1743.3666666666668, 1769.4, 1679.05, 1728.55], ""resistance_levels"": [1771.95, 1847.8, 1929.0, 1809.25, 1853.0]}","[""Stochastic bullish crossover - potential buy signal""]",2.9030992546096535,9.92679928475637
30,LT,2025-02-27,2002-10-31,2025-02-25,5162,3225.9,3204.9500000000003,15298.090692124106,16.6666666666667,3963.5,1973303.544750097,0.13716736023405957,55.462854896880955,3.4938314537811412,55.462854896880955,-75.05713715135249,0.5871709063576246,36.59854492853186,2090.724381565842,Downtrend,Weak or No Trend,0.0,32.42065265981225,-67.21832736752413,-72.09560298158003,4.877275614055904,19.411764705882394,32.196780932936754,0.11120646829645871,65.83214285714283,3319.435,3471.703,3581.94425,3280.628768463399,3347.847095830923,b'\x19Z\xf8\x1b\x00\x00\x00\x00',"{""support_levels"": [3476.7, 3200.125, 3468.4666666666667, 3262.55, 3452.45], ""resistance_levels"": [3721.525, 3872.9500000000003, 3745.0, 3838.8, 3963.5]}",[],-4.649444313076367,-7.868281258925003
31,M&M,2025-02-27,2002-07-19,2025-02-25,5600,2777.85,2764.85625,21278.35497835498,9.8125,3270.95,1956142.716607143,0.12048535752480893,35.346973246214525,2.226650019246121,35.346973246214525,-75.34093789607095,0.8023971359213707,0.5360410974052775,8.157841773585059,Downtrend,Weak or No Trend,0.0,27.70300333704114,-71.4642891115468,-37.96986286984565,-33.494426241701156,22.929040325101578,12.572946208902705,0.23466055566909183,110.65714285714277,2971.19,2980.6069999999995,2876.874,2846.212506125062,2917.676795236609,b'e\xa3@G\x00\x00\x00\x00',"{""support_levels"": [2448.2, 2687.15, 2643.4500000000003, 2886.35, 2754.15], ""resistance_levels"": [2996.55, 2859.9, 3222.1, 3132.325, 3254.0]}","[""RSI is oversold (27.70) - potential buy signal"", ""Stochastic bullish crossover - potential buy signal""]",-12.611875737318135,-6.161641753230307
32,MARUTI,2025-02-27,2003-07-09,2025-02-25,5360,12476.35,12312.050000000001,7493.639683505782,155.0,13680.0,1090930.1268656717,0.10218783918297476,32.84569827788484,2.069084506703471,32.84569827788484,-61.33966466361309,0.723118603634666,0.18368546156530388,4.6545017184463005,Uptrend,Weak or No Trend,0.0,24.07965691478077,99.77127818330882,193.9710247829545,-94.19974659964566,28.162435432465116,16.44831323382053,0.09957964416649154,182.25357142857152,12707.0225,12023.097999999998,12133.596749999999,12561.026683045598,12461.25540486229,b'g\xa9r\x1d\x00\x00\x00\x00',"{""support_levels"": [9785.125, 12135.975, 11561.45, 12027.449999999999, 10745.816666666668], ""resistance_levels"": [12570.0, 13541.65, 11375.95, 12192.4, 13461.2]}","[""RSI is oversold (24.08) - potential buy signal""]",-4.664623895833964,4.427323099586533
33,NESTLEIND,2025-02-27,2010-01-08,2025-02-25,3758,2250.4,2000.9350000000002,802.090473613533,229.5,2778.0,122526.49068653538,0.06891139960292915,22.886578667149948,1.4417189408189253,22.886578667149948,-32.40105825819334,0.6713835616676567,0.4149161281326733,4.6616831274554364,Uptrend,Weak or No Trend,0.0,50.40468880826131,-0.23059921244475845,-1.3980020519647947,1.1674028395200362,81.2121212121213,50.011815416423225,0.07946965032199439,39.746428571428496,2235.3925,2209.732,2396.59975,2220.848415336578,2221.0790145490228,b'\x0f\x9bH\xff\xff\xff\xff\xff',"{""support_levels"": [2415.15, 2327.45, 2469.5, 2216.0, 2148.4500000000003], ""resistance_levels"": [2640.1625, 2565.05, 2778.0, 2284.975, 2387.0]}","[""MACD bullish crossover - potential buy signal""]",0.06447453255964408,2.307185234014497
34,NTPC,2025-02-27,2004-11-05,2025-02-25,5025,318.7,255.74166666666667,406.2078093977501,58.3333333333333,448.45,8735120.472636815,0.04949838076036708,29.443851763495527,1.8547883191918986,29.443851763495527,-67.79202529422078,0.3557140565623162,-0.002633957404123998,5.0076832384734935,Downtrend,Weak or No Trend,0.0,49.28797468354428,-1.573823830135666,-3.8138473574750735,2.2400235273394076,70.0947225981055,78.16869643662613,0.09772275236761475,8.924999999999995,314.6175,322.061,373.18699999999995,316.2185008344351,317.79232466457074,b'\xc4H\xc6\xc5\x00\x00\x00\x00',"{""support_levels"": [385.3, 409.05, 391.6, 354.8, 296.85], ""resistance_levels"": [377.45, 391.35, 422.75, 448.45, 341.375]}",[],-0.28160200250313405,-0.8246460245837972
35,ONGC,2025-02-27,2002-07-19,2025-02-25,5600,233.0,194.6444444444444,507.47392815758917,36.9,345.0,7474861.279107143,0.05646325005146586,34.909282590706944,2.19907809958779,34.909282590706944,-80.67217867497043,0.350300496184495,-0.04826629000748099,6.983814701570086,Downtrend,Weak or No Trend,0.0,22.15743440233237,-5.322239868589747,-4.726336450763886,-0.5959034178258618,20.976253298153015,28.20420564483886,0.17054105876449732,6.899999999999993,244.4315,249.43059999999997,277.55115,239.0122458025819,244.33448567117165,b'\x92+>\x12\x01\x00\x00\x00',"{""support_levels"": [263.5, 282.5, 255.3, 240.8, 231.15], ""resistance_levels"": [286.55, 345.0, 302.0, 264.7, 273.5]}","[""RSI is oversold (22.16) - potential buy signal""]",-10.949742021784814,-9.752885583701298
36,POWERGRID,2025-02-27,2007-10-05,2025-02-25,4310,255.75,180.3,238.96620278330022,39.0,366.25,7648231.2932714615,0.04585089491511485,29.58041059079959,1.8633907167246884,29.58041059079959,-64.1200123724095,0.3229984076549856,-0.533220593752798,13.48469157355699,Downtrend,Weak or No Trend,0.0,24.7210300429184,-9.969310463324746,-9.988681713456115,0.019371250131369422,9.161290322580674,17.376344086021508,0.20913782809427992,7.78214285714285,272.0125,291.135,320.96925,264.59015875007583,274.5594692134006,b'\xc1\xad\xaex\x00\x00\x00\x00',"{""support_levels"": [268.4, 279.2, 322.3333333333333, 308.7, 286.75], ""resistance_levels"": [317.25, 348.725, 364.375, 345.4, 336.25]}","[""RSI is oversold (24.72) - potential buy signal""]",-10.32608695652174,-14.364640883977897
37,RELIANCE,2025-02-27,2002-07-19,2025-02-25,5610,1204.0,1151.691442241656,2201.726622940472,43.9025443387488,1608.8,5932832.560784314,0.07939203785126006,33.45689252707483,2.1075861254203647,33.45689252707483,-79.00864678578638,0.5382087868425207,-2.334422008758611,66.0446143013695,Downtrend,Weak or No Trend,0.0,17.654751525719263,-10.931227510013514,-7.814531549246273,-3.116695960767241,11.251980982567439,22.964933787807283,0.08061192943197037,21.096428571428596,1241.8075000000001,1242.684,1382.983125,1227.0773247070113,1238.0085522170248,b'r\xc32z\x00\x00\x00\x00',"{""support_levels"": [1450.175, 1412.9, 1371.65, 1439.5625, 1207.65], ""resistance_levels"": [1506.6, 1608.8, 1536.6, 1327.975, 1290.5]}","[""RSI is oversold (17.65) - potential buy signal""]",-5.805038335158819,-3.8492253633604867
38,SBILIFE,2025-02-27,2017-10-03,2025-02-25,1835,1471.75,764.2,108.0065013073281,485.0,1936.0,1307434.9607629427,0.05518151044003846,27.649081509163345,1.7417284203000154,27.649081509163345,-46.84280573766446,0.43060166851994497,-0.35262717488751544,8.156505025730828,Uptrend,Weak or No Trend,0.0,50.70156502968157,5.232648856126161,3.089412684046069,2.1432361720800923,69.89847715736032,82.8934010152284,0.04377080119269124,30.16785714285717,1467.715,1453.344,1578.405,1472.837740692615,1467.6050918364888,b'\xc9\x96K\n\x00\x00\x00\x00',"{""support_levels"": [1411.2, 1307.7, 1666.0, 1808.45, 1382.2333333333333], ""resistance_levels"": [1569.4, 1528.0, 1791.15, 1931.975, 1555.0]}",[],0.1769730796719049,-0.06790018672551135
39,SBIN,2025-02-27,2002-07-19,2025-02-25,5600,710.9,689.2251415773587,3179.836878922366,20.8257888870427,912.0,12429016.874464286,0.08748426455862604,35.678650638987754,2.2475437310742223,35.678650638987754,-61.49384082686423,0.5618495741783608,0.4472379431580752,8.302653568278938,Downtrend,Weak or No Trend,0.0,14.715291106845925,-13.789278404066408,-12.784773729069647,-1.0045046749967614,1.4790468364831173,8.188003378121168,0.11109190769059392,14.560714285714303,740.39,762.814,810.1902500000001,727.4421203795926,741.231398783659,b'\xa0xy`\x01\x00\x00\x00',"{""support_levels"": [737.15, 727.9333333333334, 795.05, 766.0875, 722.5], ""resistance_levels"": [839.65, 905.5, 825.95, 869.475, 782.0]}","[""RSI is oversold (14.72) - potential buy signal""]",-7.199268977220807,-5.678651983547844
40,SHRIRAMFIN,2025-02-27,2002-07-19,2025-02-25,5610,574.25,558.3193299543657,3504.6820275294676,10.0845525976951,730.45,850966.7852049911,0.11551296294305434,46.45867365189128,2.9266213505907928,46.45867365189128,-82.87353965976637,0.5835135730472174,-3.3320935216616943,106.86270222451053,Downtrend,Weak or No Trend,0.0,51.321092700403064,5.244408136227776,1.1454422005590774,4.098965935668698,70.61781609195397,77.22701149425285,0.11556137349395677,21.39285714285715,557.3575,558.45,588.86415,564.4368979143339,559.1924897781062,b'\x96\x0bn\x17\x00\x00\x00\x00',"{""support_levels"": [527.1, 605.6, 549.11, 568.73, 493.35], ""resistance_levels"": [610.345, 730.45, 653.52, 619.6, 590.8]}",[],0.516366182391037,7.698799699924974
41,SUNPHARMA,2025-02-27,2002-07-19,2025-02-25,5600,1613.6,1599.855,11639.54165150964,12.5,1960.35,2596519.274464286,0.10417785388526236,30.989154135337166,1.9521332186274043,30.989154135337166,-72.24835371589843,0.7826228193634508,0.1483756607640584,6.875812515690734,Downtrend,Weak or No Trend,0.0,25.770503221312907,-36.259824232075744,-27.76033740963157,-8.499486822444172,4.534238124614382,7.054544909165933,0.10071639081948983,39.27500000000003,1710.3375,1771.2309999999998,1731.8722499999997,1678.79984967322,1715.0596739052958,b'\x01\xd6\xb0!\x00\x00\x00\x00',"{""support_levels"": [1208.55, 1520.5, 1477.7, 1377.2, 1708.25], ""resistance_levels"": [1758.0, 1960.35, 1832.0, 1910.0, 1843.1]}","[""RSI is oversold (25.77) - potential buy signal"", ""Price below lower Bollinger Band - potential oversold condition""]",-7.938953073741272,-8.153797990722033
42,TATACONSUM,2025-02-27,2002-07-19,2025-02-25,5610,1004.85,986.51,5379.007633587787,14.09,1253.42039882314,1648130.447771836,0.09246264674092335,32.61654872709778,2.054649441836216,32.616548727097786,-55.13564449734665,0.6530607256130745,0.1889442165031388,4.353284222316439,Uptrend,Weak or No Trend,0.0,43.834808259587085,8.121096562710932,13.247459292690602,-5.12636272997967,30.30612244897964,26.52850060750175,0.07557235645221289,20.139285714285727,1020.18,973.6469999999999,1067.6738938560168,1012.7520229581042,1004.6309263953933,b']Z+F\x00\x00\x00\x00',"{""support_levels"": [1016.26812320657, 1063.9257546039, 1159.875, 964.0, 891.7], ""resistance_levels"": [1253.42039882314, 1155.586442555665, 1236.1329906892834, 979.5999999999999, 1075.0]}",[],-1.029252437703132,5.159332321699561
43,TATAMOTORS,2025-02-27,2002-07-19,2025-02-25,5600,661.6,632.3571624138053,2162.434341571339,23.2352166273008,1179.0,12861228.27232143,0.09126170904795276,42.38667938290289,2.6701098225949944,42.38667938290289,-89.0827220677183,0.4953903203975408,0.2610375873571743,5.2162277698976585,Downtrend,Weak or No Trend,0.0,21.752419765664825,-18.857402153824864,-18.42298226379439,-0.4344198900304761,2.5236593059937276,5.613058081048699,0.09271237265132135,17.010714285714307,690.8199999999999,729.699,895.54125,682.2283377428489,701.0857398966738,b'|HX\x9a\x01\x00\x00\x00',"{""support_levels"": [855.4, 948.05, 967.2, 759.2, 717.7], ""resistance_levels"": [1050.35, 1010.25, 1179.0, 1142.0, 815.175]}","[""MACD bearish crossover - potential sell signal"", ""RSI is oversold (21.75) - potential buy signal""]",-7.733073007461111,-13.35777894185437
44,TATASTEEL,2025-02-27,1994-11-03,2025-02-25,7489,137.07,119.3001037820132,671.360723318445,3.70557077531479,184.6,8963946.375484044,0.06306538613669209,42.459072406972076,2.6746701544603035,42.459072406972076,-84.09236690186017,0.3271969103160426,0.05211562762932574,2.891383308794186,Uptrend,Weak or No Trend,0.0,53.91610442945143,1.2154445872198778,0.606301322366587,0.6091432648532908,65.9142212189616,76.62402809129672,0.07968470796788048,4.383571428571429,134.723,133.97299999999998,152.68959999999998,136.0663997629906,134.85095517577074,b'\x8b-\xdf/\x01\x00\x00\x00',"{""support_levels"": [142.35, 147.62, 144.43, 137.25, 122.62], ""resistance_levels"": [168.95, 156.5, 170.18, 156.92, 152.5]}",[],1.9866071428571441,8.330040306646636
45,TCS,2025-02-27,2004-08-25,2025-02-25,5075,3629.55,3506.05625,2839.0556202236953,103.8375,4592.25,1787924.0981280787,0.08359571840208521,29.275357234453125,1.8441741615461575,29.275357234453132,-66.35880423719223,0.6512686039877673,0.310043843564101,5.875444014006884,Downtrend,Weak or No Trend,0.0,7.204450625869171,-110.8142463245158,-80.28364975588981,-30.530596568625995,1.6015436565364558,3.823832000552756,0.15167676178197714,71.34285714285708,3944.6275,4068.198,4143.0065,3828.961751700836,3939.775998025352,b'\xc2\xdb\xfb\x15\x00\x00\x00\x00',"{""support_levels"": [3803.7250000000004, 3591.5, 4110.5, 3913.25, 4011.55], ""resistance_levels"": [3915.0, 4431.0, 4592.25, 4494.9, 4322.95]}","[""RSI is oversold (7.20) - potential buy signal"", ""Price below lower Bollinger Band - potential oversold condition""]",-11.281806849013709,-14.590785015060248
46,TECHM,2025-02-27,2006-08-28,2025-02-25,4575,1593.95,1455.3875,1050.3473161930538,51.25,1838.0,1808407.631693989,0.08102953747106947,37.42963094903973,2.357845122763944,37.42963094903973,-89.43356219709209,0.49210860421753805,0.562447725821308,9.686871117932748,Downtrend,Weak or No Trend,0.0,36.962862142718286,-13.320565398093777,-6.506655474257129,-6.813909923836648,4.011345218800682,11.825494007914502,0.06265395913971178,36.54642857142859,1664.045,1680.2939999999999,1590.0504999999998,1651.7047693799443,1665.025334778038,"b'\xba\xb0\xf3,\x00\x00\x00\x00'","{""support_levels"": [1193.65, 1426.75, 1579.3833333333332, 1680.1, 1613.225], ""resistance_levels"": [1569.0, 1668.5, 1761.85, 1807.7, 1736.4]}","[""Price below lower Bollinger Band - potential oversold condition""]",-4.036724864539432,-4.89274739699872
47,TITAN,2025-02-27,2002-07-19,2025-02-25,5600,3198.8,3194.9100000000003,82131.36246786632,2.52,3886.95,1308371.5676785714,0.15238138203046417,40.670771712960025,2.5620177995612536,40.670771712960025,-60.06822057987507,0.8949942855418654,0.7899923797024077,8.090455415321063,Downtrend,Weak or No Trend,0.0,14.525139664804513,-58.44473563108477,-42.548111742803805,-15.896623888280963,18.16476892163434,9.94335626583221,0.17470168202385686,69.91071428571429,3331.6525,3354.685,3408.57575,3240.695468623518,3299.140204254603,b'!\x87=&\x00\x00\x00\x00',"{""support_levels"": [3055.65, 3126.1, 3283.9, 3106.0, 3230.8], ""resistance_levels"": [3460.4, 3588.75, 3867.0, 3547.35, 3652.0]}","[""RSI is oversold (14.53) - potential buy signal""]",-8.367469706952358,-3.7520686023770122
48,TRENT,2025-02-27,2002-07-19,2025-02-25,5599,4959.9,4946.30770228906,36390.51915636076,11.1420015970189,8345.0,218176.2643329166,0.13147320656885272,36.51535193849274,2.3002509586964788,36.51535193849274,-72.7272959262493,0.8525523212206482,1.1535714618430863,9.569004599719907,Downtrend,Weak or No Trend,0.0,23.95067427214876,-287.1637095836968,-298.00688453529165,10.843174951594847,3.4524134169620546,9.01487940705683,0.2795939810032784,223.65000000000003,5355.8275,6043.741999999999,6264.3615,5153.329115894392,5440.492825478089,b'\t\xc8.\x0e\x00\x00\x00\x00',"{""support_levels"": [3843.0, 4196.0, 4955.65, 6212.05, 6789.4], ""resistance_levels"": [5754.95, 7325.0, 8345.0, 7493.05, 6270.4]}","[""RSI is oversold (23.95) - potential buy signal"", ""Stochastic bearish crossover - potential sell signal""]",-13.740119479299828,-22.383318336528312
49,ULTRACEMCO,2025-02-27,2004-08-24,2025-02-25,5076,10964.15,10703.949999999999,4113.7394312067645,245.25,12145.35,270767.65681639087,0.0934813687831102,31.61229297713818,1.9913872759528877,31.61229297713818,-77.7796850190962,0.6819279116808731,0.34473594352780734,4.242626829466057,Uptrend,Weak or No Trend,0.0,33.583370750904606,-39.44089532552607,16.280500284660242,-55.72139561018631,13.806053811659153,15.078314046672595,0.06573596809962506,277.0821428571427,11364.3475,11277.618999999999,11239.665249999998,11240.816390051796,11280.257285377322,b'=7\xd1\x06\x00\x00\x00\x00',"{""support_levels"": [9711.55, 9407.0375, 11228.65, 10950.2, 10558.833333333334], ""resistance_levels"": [11822.75, 12138.0, 11306.9, 12145.35, 11824.325]}","[""Price below lower Bollinger Band - potential oversold condition""]",-5.364803162519327,4.205614138466873
50,WIPRO,2025-02-27,2002-07-19,2025-02-25,5610,291.3,243.99187500000002,515.7504656969602,29.9025,369.925,3282526.189483066,0.05731868499211393,34.65049987420542,2.182776320743391,34.65049987420542,-70.51009174311935,0.35913792479734247,-1.7777519763110217,53.23933166232628,Uptrend,Weak or No Trend,0.0,22.66949152542371,-1.204114974336676,1.3873349182653396,-2.5914498926020153,3.5820895522387723,9.78027105062376,0.09340538905050891,7.453571428571418,310.25750000000005,305.255,274.178125,305.77649682098485,306.9806117953215,b'=\x1e\xa8\x87\x00\x00\x00\x00',"{""support_levels"": [208.5, 240.125, 258.3875, 267.1, 280.5], ""resistance_levels"": [235.25, 289.95, 271.0, 279.45, 322.73333333333335]}","[""RSI is oversold (22.67) - potential buy signal"", ""Price below lower Bollinger Band - potential oversold condition""]",-8.136234626300853,-0.46130189646333974
